{"cameraMode":{"drawMode":0,"name":"Shaded","section":"Shading Mode"},"sceneLighting":true,"audioPlay":false,"sceneViewState":{"showFog":true,"showMaterialUpdate":false,"showSkybox":true,"showFlares":true,"showImageEffects":true,"showParticleSystems":true},"in2DMode":false,"pivot":{"x":151.5006103515625,"y":28.1201171875,"z":38.716796875},"rotation":{"x":0.09585144370794296,"y":0.005078206770122051,"z":-0.0004889164702035487,"w":0.9953845739364624},"size":33.19329071044922,"orthographic":true}