{"cameraMode":{"drawMode":0,"name":"Shaded","section":"Shading Mode"},"sceneLighting":true,"audioPlay":false,"sceneViewState":{"showFog":true,"showMaterialUpdate":false,"showSkybox":true,"showFlares":true,"showImageEffects":true,"showParticleSystems":true},"in2DMode":false,"pivot":{"x":74.85559844970703,"y":-49.36959457397461,"z":61.203060150146487},"rotation":{"x":0.26565811038017275,"y":0.39192286133766177,"z":-0.11930590122938156,"w":0.8726913928985596},"size":55.84159851074219,"orthographic":false}