{"cameraMode":{"drawMode":0,"name":"Shaded","section":"Shading Mode"},"sceneLighting":true,"audioPlay":false,"sceneViewState":{"showFog":true,"showMaterialUpdate":false,"showSkybox":true,"showFlares":true,"showImageEffects":true,"showParticleSystems":true},"in2DMode":false,"pivot":{"x":146.85891723632813,"y":3.4754347801208498,"z":159.726806640625},"rotation":{"x":-0.00021597635350190103,"y":0.999671459197998,"z":-0.02399672381579876,"w":-0.008997286669909954},"size":5.740011215209961,"orthographic":true}