{"cameraMode":{"drawMode":0,"name":"Shaded","section":"Shading Mode"},"sceneLighting":true,"audioPlay":false,"sceneViewState":{"showFog":true,"showMaterialUpdate":false,"showSkybox":true,"showFlares":true,"showImageEffects":true,"showParticleSystems":true},"in2DMode":false,"pivot":{"x":2.029768705368042,"y":-213.87144470214845,"z":403.19097900390627},"rotation":{"x":-0.2568875849246979,"y":-0.008120623417198658,"z":0.0021586581133306028,"w":-0.9664055109024048},"size":232.02252197265626,"orthographic":false}