{"cameraMode":{"drawMode":0,"name":"Shaded","section":"Shading Mode"},"sceneLighting":true,"audioPlay":false,"sceneViewState":{"showFog":true,"showMaterialUpdate":false,"showSkybox":true,"showFlares":true,"showImageEffects":true,"showParticleSystems":true},"in2DMode":false,"pivot":{"x":120.70989990234375,"y":119.76660919189453,"z":-26.815475463867189},"rotation":{"x":-0.06897483021020889,"y":0.2832995653152466,"z":0.020433036610484124,"w":0.9563308358192444},"size":131.4859619140625,"orthographic":false}