{"cameraMode":{"drawMode":0,"name":"Shaded","section":"Shading Mode"},"sceneLighting":true,"audioPlay":false,"sceneViewState":{"showFog":true,"showMaterialUpdate":false,"showSkybox":true,"showFlares":true,"showImageEffects":true,"showParticleSystems":true},"in2DMode":false,"pivot":{"x":-412.7865905761719,"y":-1461.6063232421875,"z":2098.803955078125},"rotation":{"x":0.29432976245880129,"y":-0.0831785500049591,"z":0.02746729552745819,"w":0.9519766569137573},"size":1313.2667236328125,"orthographic":false}